id,text_excerpt,verdict
ru_001,"ечественную гильзу и заткнут деревянной пробкой. По словам поисковиков, гильза была оставлена в кармане возле ноги бойца, останки которого были найдены на месте захоронения в районе Красноперекопска (Республика Крым). В этой экспедиции работали совместно отряды из Крыма и поисковый отряд «Росток» из Челябинской области, которые и обнаружили неучтенное захоронение. Поисковики сумели прочитать вкладыш: Сираев Хуснутдин Мингазович 1924 года рождения, уроженец Кунашакского района Челябинской области",1
ru_002,"Зеленский заявил, что в Донбассе удерживаются более двухсот украинских граждан, а в РФ - более ста украинцев и крымских татар. 51410229 ДонбассМюнхенская конференция по безопасностиВладимир ЗеленскийРеспублика КрымРоссияУкраинаВ мире",1
ru_003,"Подробная карта Партизанская улица, город Судак, республика Крым со спутника онлайн с номерами домов, почтовый индекс 2017 Главная → Подробная карта город Судак, республика Крым со спутника, с селами и маршрутами онлайн → Подробная карта Партизанская улица, город Судак, республика Крым со спутника онлайн с номерами домов, почтовый индекс Подробная",1
ru_004,"я область), Алексин (Тульская область), Суджа (Курская область), Краснодар (Краснодарский край), Мосальск (Калужская область), Нижняя Салда (Свердловская область), Кедровый (Томская область), Алупка (Республика Крым), Красный Кут (Саратовская область), Ульяновск Кольчугино (Владимирская область), Выборг (Ленинградская область), Вяземский (Хабаровский край), Оха (Сахалинская область), Ясногорск (Тульская область), Донской (Тульская область), Славск (Калининградская область), Зеленодольск (Республ",1
ru_005,"2017 гг: нефть 96 $/барр, доллар 37,7-39,5 рублей | Мировой долговой кризис В конце сентября 2014 года в Госдуму был внесен проект федерального бюджета на 2015-2017 гг. Это первый бюджет, учитывающий присоединение Крыма, дешевеющую нефть и возможные последствия западных санкций. Средства резервного фонда могут направляться на замещение не поступающих в ходе исполнения федерального бюджета ненефтегазовых доходов и источников финансирования дефицита бюджета. Дополнительные нефтегазовые доходы напр",1
ru_006,"одилось людям захватывать земельные участки. Теперь же чиновник пообещал вплотную заняться решением данной проблемы. Помимо прочего, Лавров поспешил напомнить и о принятой амнистии, под которую после воссоединения Крыма с РФ попали все те, кто осуществил незаконный захват земли. В завершение брифинга глава внешнеполитического ведомства поспешил заверить присутствующих в том, что власти РФ сделают все возможное для того, чтобы в полной мере обеспечить соблюдение законных прав и свобод для всех на",1
ru_007,"дοля российского газа на европейском рынке выросла на 10 процентных пунктοв примерно дο 33%, и дο начала событий на Украине аналитиκи ожидали, чтο эта дοля сохранится в предстοящие годы. Однаκо после присоединения Крыма к РФ европейские политиκи провели ряд чрезвычайных совещаний, посвященных энергетической безопасности. «Мы всерьез намерены снизить нашу энергозависимость», - заявил на днях председатель Европейского совета Херман Ван Ромпей. Активнее всех в этοм направлении работают крупнейшие е",1
ru_008,"только от печи, которую не чем топить - как жить??? Только выживать.... 9 декабря 2019 в 09:27 Карлсон (аноним) №43 Когда я был малышом то и думал как малыш. 9 декабря 2019 в 10:14 гость (аноним) №44 Крым наш отобрали крым у украинцев и пенс возраст подняли сволочи 08:41 Жители Камчатка смогут онлайн выбрать оформление захоронения 20:49 В аэропорту на Камчатке Мишустина встретил Солодов",0
ru_009,"решать огромный комплекс задач по повышению уровня жизни людей, подъёма экономики, социальной сферы, прочной интеграции Крыма и Севастополя. В центре Москвы отгремел митинг-концерт в честь годовщины воссоединения Крымского полуострова с Россией.Фото: Михаил ФРОЛОВ Путину уже приходилось отвечать на вопросы - не чрезмерная ли плата санкции за Крым? Заговорил он об этом и сейчас: - Было очевидно, что мы столкнёмся не только с объективными трудностями переходного периода, но и с попытками внешнего",1
ru_010,"тению. Жердевка (Тамбовская область), Печора (Республика Коми), Большой Камень (Приморский край), Медвежьегорск (Республика Карелия), Вичуга (Ивановская область), Игарка (Красноярский край), Щёлкино (Республика Крым), Щёкино (Тульская область), Фрязино (Московская область), Усть-Кут (Иркутская область), Северо-Курильск (Сахалинская область), Бобров (Воронежская область), Барнаул (Алтайский край), Суровикино (Волгоградская область), Николаевск (Волгоградская область), Белокуриха (Алтайский край),",1
ru_011,"XLS, CSV или PDF. РЕЛИГИОЗНАЯ ОРГАНИЗАЦИЯ ""ПРАВОСЛАВНЫЙ ПРИХОД ХРАМА СВЯТОГО АПОСТОЛА АНДРЕЯ ПЕРВОЗВАННОГО С.ПРИВЕТНОЕ Г.АЛУШТА РЕСПУБЛИКИ КРЫМ СИМФЕРОПОЛЬСКОЙ И КРЫМСКОЙ ЕПАРХИИ"" 9101032541 298521, РЕСПУБЛИКА КРЫМ, ГОРОД АЛУШТА, СЕЛО ПРИВЕТНОЕ, УЛИЦА ГОРЬКОГО, Д. 15А РЕЛИГИОЗНАЯ ОРГАНИЗАЦИЯ ""ПРАВОСЛАВНЫЙ ПРИХОД ХРАМА СВЯТОГО АПОСТОЛА АНДРЕЯ ПЕРВОЗВАННОГО С.ПРИВЕТНОЕ Г.АЛУШТА РЕСПУБЛИКИ КРЫМ СИМФЕРОПОЛЬСКОЙ И КРЫМСКОЙ ЕПАРХИИ"", ИНН 9101032541 ООО ""РЕМЗАВОД"", ИНН 7434004138",1
ru_012,"""... чрезвычайных ситуаций, вызванных лесными пожарами, положений Федерального закона от 23 июня 2016 г. № 218-ФЗ «О ..."" ""... Вследствие присоединения Крыма к России в 1783 г. возникла проблема мирной интеграции населения в ..."" ""... Республики 1997 г. предусмотрены соответственно принцип законности, принцип равенства граждан перед законом ..."" ""... обычаями для документарных аккредитивов (редакция 2007 г., публикация ICC № 600). Под",0
ru_013,"В этот день 75 лет назад началась война / Новости Крыма / Республика Крым / Крым / Новости / В этот день 75 лет назад началась война Сегодня ребята узнали много нового, не только о Великой Отечественной войне и о военной странице «Артека», но и смогли прочувствовать это. Ведь они находились именно в том месте, где их сверстники встретились с войной 75 лет",1
ru_014,"задолго до своей смерти ее супруг получил большую денежную сумму от неизвестного лица, при этом она не знает за что были заплачены эти средства. Предыдущая статьяПАСЕ лишила Россию права голоса из-за присоединения Крыма Следующая статья«Зеленая альтернатива» связывает лавину в Дарьяльском ущелье со строительством ГЭС ЕС не планирует вводить новые санкции против РФ Сенаторы США призывают ввести новые санкции против РФ Саакашвили просит Евросоюз о поддержке против Порошенко Лидер демократов свыше",1
ru_015,"авляй, не мой косяк бро, и не отмазка, что вас много. Не предупредил ты, о своей очереди, в чем моя вина? Не создавай очередь, какие проблемы? но если создаешь, будь добр предупреди, делов то :hello: Республика Крым город Керчь Здесь расположено множество ресторанов и кафе, а также дорогих бутиков. Сейчас этой реки и не увидишь, но зато поэтичное название прочно вошло в историю. С поиском клада не было не малейших заморочек. Большой поток людей в бизнес-центрах способствует тому, что туда может",1
ru_016,кая обл.Марий ЭлМордовияМурманская обл.Нижегородская (Горьковская)Новгородская обл.Новосибирская обл.Омская обл.Оренбургская обл.Орловская обл.Пензенская обл.Пермская обл.Приморский крайПсковская обл.Республика КрымРостовская обл.Рязанская обл.Самарская обл.Саратовская обл.Саха (Якутия)СахалинСвердловская обл.Северная ОсетияСмоленская обл.Ставропольский крайТамбовская обл.ТатарстанТверская обл.Томская обл.Тува (Тувинская Респ.)Тульская обл.Тюменская обл.УдмуртияУльяновская обл.Уральская обл.Хаба,1
ru_017,"ия доллара. Главная цель ФРС - спасение мировой гегемонии доллара и сохранение в сознании мирового сообщества, последних остатков веры в силу доллара и нарисованной экономики США. Украинский кризис и присоединение Крыма к Российской Федерации спровоцировали новую волну разговоров о том, что Запад может применить «энергетическое оружие»: обрушить цены на нефть, как это было в 80-х годах прошлого столетия. После «нефтяного армагеддона» прошло 3 года, а цена на ресурс так и не восстановилась.Тем не",1
ru_018,"рая. Она уже с успехом экспонировалась в 6 городах Южного федерального округа. В фотовыставке приняли участие фотоклубы «Евпатория» – г. Евпатория, «Ялта» – г. Ялта, «Отражение» – поселок Новый Свет (Республика Крым), «Эхо» – г. Новороссийск, «Колос» – станица Тбилисская (Краснодарский край); «Лагонаки» – г. Майкоп (Республика Адыгея). Среди представленных работ была фотография сотрудника Центра защиты леса Республики Адыгея Батталова Наиля, который является членом фотоклуба «Лагонаки» г. Майкоп",1
ru_019,"в Дальневосточном федеральном округе 29 Октября 2016 ДВФО (с выделением доли Сахалинской области) 577 000 Маркетинговое исследование рынка овощей, фруктов и ягод 27 Сентября 2016 Краснодарский край, Республика Крым 161 000 Аналитический обзор: Анализ рынка овощей защищенного грунта в ЦФО 20 Июня 2016 Россия (ЦФО) 77 000 Российский рынок тепличных хозяйств: итоги 2015 г., прогноз до 2018 г. 5 Апреля 2016 Россия 67 500 Обзор рынка тепличных культур (овощи закрытого грунта). 2015 год 28 Июля 2015",1
ru_020,"баумом.Квартира без обременений. Соседи положительные.Рассмотрим ипотеку, материнский капитал. 22.10.2018, мегаполис 43 621 ₽/м2 2 400 000 ₽ ( 64 865 ₽/м2 ) 2-к квартира / 37 м2 / этаж 1/2 Евпатория, Республика Крым, Караимская улица, 29 продам 1 ккв (две) в р-не святониколаевского собора по ул. караимской. в.у, отлично для отдыха и жизни. 22.10.2018, Алексей 64 865 ₽/м2 2 700 000 ₽ ( 41 925 ₽/м2 ) 2-к квартира / 64.4 м2 / этаж 4/10 Курская область, Курск, улица Бойцов 9-й Дивизии, 181А Продаетс",1
ru_021,астьновости украиныновости в мирепроисшествия и событиякрымкриминалправонарушениятворчествоюморновости россииалуштафотоблогздоровьечсчерныйсписокчс_алуштаalushtaсервис в городепраздникив мире животныхкрым -россия вместеотдых и развлечения в городеalushta24.orgспортинтернет и провайдерыисторияроссиянабережнаяэкономикафашизм в растерянности.авто/мотомагазинысмех и слезы.шуткаэкологияпутинсвалкаработаинформация для размышленияразвлечениеялтавыборыдосугукраинарабочий уголок	ГлавнаяБлогиСтатьиПроблем,1
ru_022,"кортостан ,35 Республика Бурятия ,7 Республика Дагестан Республика Ингушетия Кабардино-Балкарская Республика ,17 Республика Калмыкия Карачаево-Черкесская Республика Республика Карелия Республика Коми Республика Крым Республика Марий Эл ,43 Республика Мордовия Республика Саха (Якутия) ,12 4 3 Республика Северная Осетия - Алания Республика Татарстан ,03 Республика Тыва Удмуртская Республика Республика Хакасия ,5 Чеченская Республика ,02 Чувашская Республика Алтайский край ,2 Забайкальский край Кам",1
ru_023,"GISMETEO: Погода в Светлом на месяц. Прогноз погоды на месяц по пункту Светлое, Джанкойский район, Республика Крым, Россия	ПогодаНовостиПриложенияИнформерыКартыТуризм Весь мир/Россия/Республика Крым/Джанкойский районПогода в Светлом на месяцДекабрь 2016ПнВтСрЧтПтСбВсМалооблачно, небольшой снег В Светлом 6:15, Ясно",1
ru_024,"ых секциях возобновились в минувшую среду. Разрешение открыть комплекс, без которого детям негде было заниматься, дали к приезду в Крым Владимира Путина, полагает он... Перед пятилетием референдума о воссоединении Крыма и Севастополя с Россией «Примечания» задали жителям полуострова из разных слоев общества вопрос, вынесенный в заголовок. На вопрос «Когда все это началось?» у политологов всегда найдется десятка два теорий... Я уже двое суток еду к северу центральной России. По сторонам через заб",1
ru_025,"лия по объединению страны путем проведения свободных и честных президентских выборов 25 мая, которые приведут к представительному процессу конституционной реформы"". Как известно, США и ЕС не признали присоединения Крыма к России и ввели санкции против российских чиновников, бизнесменов и компаний. США также заявили, что готовят санкции против целых отраслей российской экономики.",1
ru_026,"всенародным праздником - Днем Победы и от всей души желают крепкого здоровья и благополучия, долголетия, безоблачного мирного неба и личного счастья! В Чебоксарах пройдет праздничный концерт в честь воссоединения Крыма с Россией 18 марта в Чебоксарах состоится праздничный концерт «Мы вместе!», посвященный четвертой годовщине вхождения Крыма в состав России. Город отметит четвертую годовщину вхождения полуострова в состав страны В это воскресенье, 18 марта, в честь четвертой годовщины воссоедине",1
ru_027,кая обл.Марий ЭлМордовияМурманская обл.Нижегородская (Горьковская)Новгородская обл.Новосибирская обл.Омская обл.Оренбургская обл.Орловская обл.Пензенская обл.Пермская обл.Приморский крайПсковская обл.Республика КрымРостовская обл.Рязанская обл.Самарская обл.Саратовская обл.Саха (Якутия)СахалинСвердловская обл.Северная ОсетияСмоленская обл.Ставропольский крайТамбовская обл.ТатарстанТверская обл.Томская обл.Тува (Тувинская Респ.)Тульская обл.Тюменская обл.УдмуртияУльяновская обл.Уральская обл.Хаба,1
ru_028,"альный округ как самостоятельную единицу и подписал указ о преобразовании Южного и Крымского округов в Южный федеральный округ. Согласно документу, в ЮФО вошли Республика Адыгея, Республика Калмыкия, Республика Крым, Краснодарский край, Астраханская область, Волгоградская область, Ростовская область и город Севастополь. 29.07. 09:53 наконец то поставлены все точки над i- и у нас определился Южный федеральный округ.",1
ru_029,"ветлана Алексиевич, Владимир Войнович, сестра Михаила Прохорова, общественный деятель Ирина Прохорова, известные правозащитники. Из досье «МК»: Конгресс интеллигенции» возник в 2014 году незадолго до присоединения Крыма к России, и принял обращение с призывом не отторгать насильственно полуостров от братского государства — Украины. В дальнейшем КИ собирал подписи под различными обращениями, среди которых: к президенту России — не подписывать «пакет Яровой-Озерова», в Совет безопасности ООН — о г",1
ru_030,"Снять квартиру в Симферопольском районе на длительный срок - 30 объявлений Республика Крым - Симферопольский район - Аренда - Квартиры на длительный срок Длительная аренда квартир в Симферопольском районе Аренда 2-комн. квартиры Чапаева 21.05.2019 Аренда 2-комн. квартиры ул Тепличная, д. 3 23.05.2019 Аренда 2-комн. квартиры ул Крымской весны, д. 1к 1 23.05.2019 Аренда 3-ко",1
ru_031,"1 октября в Евпатории ходили и разыгрывали призы | Официальный сайт Евпаторийского городского совета и администрации города. Республика Крым 1 октября в Евпатории ходили и разыгрывали призы Главная Все новости Главное Лента новостей Новости города 1 октября в Евпатории ходили и разыгрывали призы Последнее обновление: Понедельник, 03.10.201615:40 В Евпатории отметили День ходьбы, который проводится в России ежегодно 1 октя",1
ru_032,"Крым наш, а паспорт? / Взгляд 19.02.2020 8:50 Не лги, безымянный перевёртыш! ""Такой книги не существует нигде. Ссылки на неё являются фальшивками. Неумело использовали известную фамилию. Цель одна- возбудить межнациональную вражду. Фальшивка рассчитана на на низкообразованных людей, по качеству намн",1
ru_033,кая обл.Марий ЭлМордовияМурманская обл.Нижегородская (Горьковская)Новгородская обл.Новосибирская обл.Омская обл.Оренбургская обл.Орловская обл.Пензенская обл.Пермская обл.Приморский крайПсковская обл.Республика КрымРостовская обл.Рязанская обл.Самарская обл.Саратовская обл.Саха (Якутия)СахалинСвердловская обл.Северная ОсетияСмоленская обл.Ставропольский крайТамбовская обл.ТатарстанТверская обл.Томская обл.Тува (Тувинская Респ.)Тульская обл.Тюменская обл.УдмуртияУльяновская обл.Уральская обл.Хаба,1
ru_034,"Круг женской силы в день летнего солнцестояния. Женские практики в ресурсном месте (Крым). Самопознание.ру …состоялось 19 июня (Вт) 2018, проходило с 10:00 | 5 дней | Республика Крым, Бахчисарайский район, село Соколиное | Наталья Вергара Когда вы не знаете, что делать и что предпринять, но совершенно точно желаете изменить ситуацию; Или необходимы силы для обновления себя, своего внутреннего пространства и своего здоровья! Осталось несколько мест и несколько дне",1
ru_035,"нтства «Экспресс-Новости» отмечают, что после произошедшего в 2014 году в Украине государственного переворота, когда к власти пришла хунта, отношения между нашими странами резко ухудшились. А когда и Республика Крым отошла под юрисдикцию России, ситуация стала накаляться с каждым днём всё более серьёзно. В итоге, по инициативе пришедшего к власти правительства Порошенко, на сегодняшний день Украина расторгла целый ряд двусторонних договоров в самых различных областях сотрудничества. Помониторив",1
ru_036,"на сумму 321,3 млрд руб. Средний размер ипотечного жилищного кредита составил 1,8 млн руб. В региональной структуре по темпам прироста выдачи ИЖК с начала года лидирующие позиции заняли Севастополь, Республика Крым, Республика Тыва. Большинство экспертов ожидают снижения ключевой ставки и в будущем, прогнозируя ее на уровне 8–8,5% к концу 2017 года, отмечают в банке ВТБ24. Снижение ставок стимулирует спрос и на кредиты, и на жилье. Снижение ставок сказывается ещё тем, что в связи с общим кризис",1
ru_037,ть Регион Вся Украина Винницкая Волынская Днепропетровская Донецкая Житомирская Закарпатская Запорожская Ивано-Франковская Киевская Кировоградская Луганская Львовская Николаевская Одесская Полтавская Республика Крым Ровенская Сумская Тернопольская Харьковская Херсонская Хмельницкая Черкасская Черниговская Черновицкая Вся область только в этом городе Цена грн Только со скидками Фото / Видео Только с фото Только с видео ID объявления Сортировка обычнаяот дешевых к дорогимот дорогих к дешевым Перио,1
ru_038,"т, выступающий ответчиком меджлис чувствует свою слабость.P.S. Уже после публикации статьи Верховный суд Крыма вынес решение о запрете деятельности меджлиса крымских татар на территории России. Крым,	Воссоединение Крыма с Россией,	блокада Крыма,	энергоблокада Крыма,	Правый Сектор,	Меджлис,	Меджлис Крыма,	Госдеп США,	США	Помочь проекту Гномика не спонсируют. Ахы-ахы-ахы... Молодец женщина ! С нормальной ориентацией. В таком же стиле бы и место встречи голубизны запретить.Гора «Кошка» в Крыму изве",1
ru_039,"омпании, зарегистрированные в Евросоюзе, так что Saras бы формально не подпадала под европейские ограничения. «Роснефть» и ее главный исполнительный директор Игорь Сечин оказались под санкциями после присоединения Крыма к России в 2014 году. С апреля 2014 года Сечину запрещен въезд в США, его активы, подпадающие под юрисдикцию США, заморожены.",1
ru_040,"ергла коррумпированное правительство своей страны для того чтобы сорвать Олимпиаду в Сочи! Вот оказывается как все было на самом деле! Внутренние дела Украины - это предательство Путина! Объяснимо ли присоединение Крыма некоей вспышкой путинского гнева ? Запад, к которому примыкает и Япония, сразу же прилепил России ярлык исконного экспансионизма . Но ведь это неправда. В основе российского возмущения лежит память. Страшная память войны. Это память наполеоновского вторжения, оставившего выжженну",1
ru_041,"ералПресс. В министерстве финансов Крыма рассказали о том, как распределились дополнительные средства. В этом году их было почти в два раза больше, чем в прошлом. fedpress.ru 15:25 Екатерина Лазарева республика Крым Симферополь Севастополь бюджет ЮФО Ямало-Ненецком автономном округе (ЯНАО), это новая мера поддержки предпринимателей в период распространения коронавируса, сообщает в среду пресс-служба губернатора региона.""Губернатор Ямала Дмитрий Артюхов внес изменения в распоряжение о поддержке м",1
ru_042,"Общественный совет рассмотрел вопросы предпринимательской сферы | Официальный сайт Евпаторийского городского совета и администрации города. Республика Крым Общественный совет рассмотрел вопросы предпринимательской сферы Главная Все новости Официальные новости Общественный совет рассмотрел вопросы предпринимательской сферы Последнее обновление: Пятница, 23.09.201614:48 22 сентября в конференц-зале управления потребительского рынка и разв",1
ru_043,"нские пользователи в YouTube и в популярном анонимном форуме ""2channel"" пишут комплименты Поклонской, восторгаясь ее красотой, голосом и молодостью. Власть Безопасность Правоохранительная система ЮФО Республика Крым Присоединение Крыма к России Наталья Поклонская РГ-Видео РГ-Фото Фото: Крым",1
ru_044,"Россия не будет дискутировать по поводу Крыма » Главная / Новости / Россия не будет дискутировать по поводу Крыма Присоединение Крыма вызвало неоднозначную реакцию в западном обществе. Многие политики посчитали этот процесс незаконным. Жаркие споры по этому поводу ведутся до сих пор. Однако Кремль заявил, что Россия не будет дискутировать по данному вопросу, с кем бы то ни было. С таким сообщением выступил Дмит",1
ru_045,"Кашин (Тверская область), Кореновск (Краснодарский край), Белоусово (Калужская область), Кинель (Самарская область), Вологда Пенза Володарск (Нижегородская область), Щёкино (Тульская область), Керчь (Республика Крым), Кирово-Чепецк (Кировская область), Певек (Чукотский автономный округ), Туймазы (Республика Башкортостан), Семёнов (Нижегородская область), Балей (Забайкальский край), Нерюнгри (Республика Саха (Якутия)), Пушкино (Московская область), Кропоткин (Краснодарский край), Пятигорск (Ставр",1
ru_046,"Троценко Григорий Николаевич. Колдовство. Многолетний опыт. Конкретные - Магия, Услуги - Севастополь, Россия - Объявления: 10518503 Бесплатные Oбъявления » Россия » Севастополь » Услуги » МагияПросмотров: 35 Номер Объявления: 10518503 Район:СевастопольДата:Четверг, 29 Декабря, 2016 Троценко Григорий Николаевич. Колдовство. Многолетний опыт. Конкретные результаты. Приворот, присуха. Сгла",1
ru_047,"енск (Республика Башкортостан), Темрюк (Краснодарский край), Гатчина (Ленинградская область), Мичуринск (Тамбовская область), Знаменск (Астраханская область), Мезень (Архангельская область), Щёлкино (Республика Крым), Полярные Зори (Мурманская область), Заречный (Пензенская область), Оха (Сахалинская область), Лодейное Поле (Ленинградская область), Ивантеевка (Московская область), Шахтёрск (Сахалинская область), Набережные Челны (Республика Татарстан), Гуково (Ростовская область), Котельнич (Кир",1
ru_048,"3-5месяцев у него есть все машина дом работа а у меня нет ничего... Посмотреть целиком Всего ответов: 1 295 просмотра(-ов) Рейтинг 4.9 Вопрос номер 311786 бахчисарай г, бахчисарайский р-н, Республика Крым, Россия 17.03.2018 22:24 Здравствуйте, подскажите какие документы нужны для присвоения кадастрового номера на НЕ жилое помещение частном доме?... Посмотреть целиком Всего ответов: 2 335 просмотра(-ов) Рейтинг 4.89 Всего ответов: 2 256 просмотра(-ов) Всего ответов: 2 244 просмотра(-ов)",1
ru_049,"ватсап. Оксанп: +7 978 278385 Объявление: № Н-165519 28.01.2019 Продаю: Квартира (2 комнаты), Саки центр, 3 700 000 руб. Продам 2-х комн. благоустроенную тёплую квартиру в центре города-курорта Саки, Республика Крым, общей площадью 51, 3 кв. м, 18, 3/11, 3/8, 4; 4/9 эт. Один собственник. Панельный дом, чешка улучшенной планировки. Из зала вид на центр. площадь. В 10-ти мин. ходьбы курортная зона и лечебное озеро. Полы и межкомнатные двери-дерево, стеклопакеты, балкон в пластике, застеклён и пол-",1
ru_050,"Запастись терпением и покормить кота. Туристам рассказали, как вести себя на Крымском мосту | Республика Крым | ФедералПресс 14 мая 2018, 22:47 0 Дата публикации: 14.05.2018 - 21:47 http://fedpress.ru/news/91/realty/2042313",1
ru_051,"ещал вернуть полуостров Украине в том фантастическом случае, если он придет к власти. Наконец, российский политолог Владислав Иноземцев на страницах украинского журнала «Новое время» предположил, что воссоединение Крыма с Россией может послужить причиной распада страны. Иноземцев проводит аналогию с советской Прибалтикой. Западные страны официально не признавали прибалтийские республики частью СССР. По словам Иноземцева, именно это дало прибалтам основание для выхода из состава СССР, а уж затем",1
ru_052,"ные источники информации в Киеве, встречаясь с украинскими депутатами, офицерами и другими. О докладе, расследовании убийства Немцова, а также опасных прецедентах, которые создала Россия, присоединив Крым, российский политик поведал в эксклюзивном интервью сайту «Факты». – Подготовка доклада находится на финишной прямой. Мы стараемся проверять абсолютно все факты, потому что понимаем, что российская государственная пропаганда будет очень старательно критиковать и искать любые мелочи, чтобы дискр",1
ru_053,"ятся в ведении органов государственной власти субъектов Российской Федерации. Особо охраняемые природные территории Российской Федерации. Главная страница. Карта сайта.Каталог ООПТ. Город Севастополь Республика Крым Белгородская область Брянская область Владимирская область Воронежская область Ивановская область Костромская Правила поведения на ООПТ. Чтобы избежать разрушения особо ценных для города природных территорий, для них создан режимЭти ограничения устанавливает Закон города Москвы от 26",1
ru_054,"тавить никто не мог Начинается самое интересное: Украина вступила во вторую фазу расплаты за Донбасс – Киев в истерике Националисты Украины в такой ярости ещё никогда не были: США всё решили за них — Крым-Россия Экономика Курс доллара на сегодня и завтра, 20 04 2017: ЦБ и ММВБ Воевать и жить больше не на что — в Киеве констатировали это, и рассказали причину В Ростовской области власть «пропускает в доходные сферы бизнеса только «своих людей» Киев готовится к самому страшному: экс-министр эконом",1
ru_055,"ад, Волгоградская обл., Россия 27.08.2016 13:25 Тамара Не отдают зарплату,и просят чтоб написала заявления по собственному желанию?Что делать? Всего ответов: 1 Вопрос номер 42740 из керчь, Республика Крым, Россия 23.11.2016 21:02 Александр Работали на стройке,задолжали зарплату ,обещания длятся уже месяц ,что делать? Всего ответов: 0 из Глазов, Удмуртия, Россия 03.07.2015 16:55 Сергей Снизили зарплату нечем платить кредит.хотят арестовать карту Добрый день, Сергей! Вам необходимо направить в бан",1
ru_056,"niitim mail. Конный завод - это предприятие разводит породистых лошадей, которые нередко занимают призы в соревнованиях. Кусто Анатолием Таврическим. - За сколько? на бизе хорошей контора была....да! Республика Крым город Алушта Новокубанск — , Краснодарского, р. так что только желаю удачи магазину и процветания в дальнейшем Дата обращения 6 августа Видать все ништяк, вот и не отписывается))))",1
ru_057,"олитическим статьям», сколько фабрикации уголовных дел по экономическим статьям, подбрасывания наркотиков. Самое интересное, что дальнобойщики — это те же самые люди, которые еще год назад радовались присоединению Крыма, проклинали «проклятый Запад» и активно участвовали в движении «Антимайдан». Сегодня они сами готовы устроить революцию причем без всяких «денег Госдепа» и Ходорковского. Потому что сегодня задеты лично их интересы. Они еще верят в Путина, рассуждая в стиле «Путин хороший, плохой",1
ru_058,"Услуги, Финансовые - Севастополь, Россия - Бесплатные Объявления Бесплатные Oбъявления. Финансовые, Услуги. Севастополь, Россия.Разместить ОбъявлениеГлавнаяВыбор Категории ▼Мои Объявления Справка Бесплатные Oбъявления » Россия » Севастополь » Услуги » ФинансовыеИзменить3 объявления 16 Мартa, 2017Добавить закладкуСправка",1
ru_059,"ля жителей Краснодарского края еще есть возможность попасть в Крым по воздуху из Анапы на суднах компании «Авиалинии Мордовии». Возросшая популярность крымского направления объясняется тем, что после воссоединения Крыма с Россией в 2014 году, власти РФ уделяют особо пристальное внимание развитию нового субъекта федерации, субсидируя авиаперевозки и в целом развивая туристическую отрасль полуострова. Самые дешевые авиабилеты Краснодар - Симферополь N4 153 21.06.2018 Mountain Air Company 0 28.06.2",1
ru_060,"из него точно не получится. Впрочем, на Украине Пономареву должно быть комфортно. Во-первых, он не устает напоминать свидомым хозяевам, что был единственным депутатом Госдумы, который выступил против воссоединения Крыма с Россией. А во-вторых, он очень схож с ними в ментальном плане. Так же, как и украинцы, которые живут в ожидании, что сейчас кто-то к ним приедет и все им наладит, Пономарев тоже ждет, что кто-то свергнет «ненавистный ему режим» хотя бы для того, чтобы он, бывший депутат Госдумы",1
ru_061,"часа (плюс-минус минуты) президенту России зададут десятки вопросов, ряд из которых предсказуем. Я не отношусь к числу тех, кого нужно убеждать, что суверенитет для России в сто крат выше хамона; что воссоединение Крыма с Россией не только абсолютно справедливо исторически, не только стало осуществлением сохранявшейся 23 года мечты подавляющего большинства крымчан — это воссоединение разом стратегически подняло военную безопасность России на порядок; что на санкции против твоей страны нужно отве",1
ru_062,кая обл.Марий ЭлМордовияМурманская обл.Нижегородская (Горьковская)Новгородская обл.Новосибирская обл.Омская обл.Оренбургская обл.Орловская обл.Пензенская обл.Пермская обл.Приморский крайПсковская обл.Республика КрымРостовская обл.Рязанская обл.Самарская обл.Саратовская обл.Саха (Якутия)СахалинСвердловская обл.Северная ОсетияСмоленская обл.Ставропольский крайТамбовская обл.ТатарстанТверская обл.Томская обл.Тува (Тувинская Респ.)Тульская обл.Тюменская обл.УдмуртияУльяновская обл.Уральская обл.Хаба,1
ru_063,"тер LIVE Про пенсии для Донбасса и нового Генпрокурора от 13.01.2017 на Liveam.tv. Эфир, от 13 января 2017 года. Сезон, Повтор. Канал, 3S.tv. Программа была снята 22 апреля 2016 года. Скачать сталкер крым наш через торрент 2016 савик шустер прямой эфир 27 за 28.11.2016. Свежие выпуски Шустер LIVE на Liveam.tv. 23.12.2016 - Трансплантация в Украине: шанс на жизнь или спекуляция? Шустер LIVE Будни Ток шоу « Шустер LIVE» ведется в прямом эфире по пятницам в вечернее время. Повтор. Делото за КТБ тръ",1
ru_064,"местах в головах украинцев? Совсем недавно, стало известно о происшествии в территориальных водах России. Некий гражданин Украины Виктор Новицкий, капитан рыболовецкого судна, решил половить рыбку... Присоединение Крыма к территории Российской Федерации было абсолютно законным решением – прокомментировал бывший канцлер Германии Герхард Шредер. По его мнению, эти земли издавна являются русскими. Тот факт, что Хрущев когда-то передал полуостров Украине, говорит лишь об его особой манере... Как Фил",1
ru_065,"ская областьИтоги работыИнвестпроектыНовые производстваИнвестицииПроизводство молока коровьего сырогоПроизводство мясаПроизводство яицРейтингиРеспублика ТатарстанОбъёмы производстваПоголовье скотаКФХ Республика Крым – в лидерах среди регионов РФ по среднесуточному надою молока Республика Крым – в лидерах среди регионов России по среднесуточному надою молока. Об этом сообщил министр сельского хозяйства РК Андрей Рюмшин. «Мы по-настоящему можем гордиться результатами, которые дают наши сельхозорга",1
ru_066,"овам Эйч Пи Бакстера, в Крыму он планирует «заниматься музыкой, а не политикой». Крым вошел в состав России по итогам референдума в 2014 году. Украина и страны Запада не признали его итогов и считают присоединение Крыма к России аннексией. Теги: Генпрокуратура Украины , Scooter , Крым , ZBFest , Балаклава Киев напомнил группе Scooter о наказании из-за планов выступить в Крыму Политика Киев заявил о запрете на въезд 40 российским артистам из-за Крыма Политика",1
ru_067,"Друзья у ດາວ-звезда - ЭСПАВО (Международная Ассоциация Работников Света) Мои друзья (46) Юрий Поречнов Симферополь, Российская Федерация Москва, пос.Радомля, Российская…",1
ru_068,"ня в Крыму», - произнесла она 5 ноября ТАСС. Поκлοнская сказала, чтο ранее украинскими властями была таκже арестοвана ее зарплата за несколько месяцев, котοрая полагалась ей за время работы в ГПУ (дο присоединения Крыма к РФ). «Пусть эта зарплата у их остается, мне не жаль. Может пустят мои средства на благо народа. Хотя Украине этο уже не поможет», - дοбавила она. Сотрудниκи крымской проκуратуры подразумевали, чтο могут лишиться имущества на Украине. Но выбор меж Крымом и Украиной в марте 2014",1
ru_069,"лет для обвиняемых по первому симферопольскому делу ""Хизб ут-Тахрир"" / Июнь / 2019 / Преследования организаций, СМИ и частных лиц / Новости / Неправомерный антиэкстремизм / СОВА 11.06.2019 - 16:12 / Республика Крым 10 июня 2019 года на заседании Северо-Кавказского окружного военного суда состоялись прения по делу шестерых крымчан, обвиняемых в продолжении деятельности запрещенной в России исламской радикальной партии ""Хизб ут-Тахрир"". Государственный обвинитель попросил суд назначить Теймуру Аб",1
ru_070,"Реклама на Радио Море в Симферополе Главная \ Республика Крым \ Симферополь \ Радио Море Размещение рекламы на Радио Море в Симферополе Размещая рекламу в эфире Радио ""Море"" в Симферополе, о Вашем бизнесе услышит молодая, активная аудитория. Слушатели, для которых важен карьерный рост, при этом они не забывают соблюдать баланс между работой и о",1
ru_071,"213 Не верь слухам! Читай «ФедералПресс». Пермский край. Выпуск № 15 8мая,Четверг Не верь слухам! Читай «ФедералПресс». УрФО. Выпуск № 210 вся РоссияКрымский федеральный округ -- Город Севастополь -- Республика КрымМоскваЦентральный федеральный округ -- Московская область -- Белгородская область -- Брянская область -- Владимирская область -- Воронежская область -- Ивановская область -- Калужская область -- Костромская область -- Курская область -- Липецкая область -- Орловская область -- Рязанск",1
ru_072,"дписавших (за отдельными исключениями) — вообще за гранью. Особо следует здесь отметить положение о неотчуждаемости территории России. Все последние шесть лет эта публика говорит о якобы незаконности присоединения Крыма, а большинство подписантов готовы хоть завтра его отдать. Да что Крым — они и Курилы японцам отдадут, и Калининград — немцам, и Выборг — финнам. И национал-сепаратистам, недовольным упоминанием «русских», готовы подыграть по полной программе. Благо, сторонников и даже «певцов» Ич",1
ru_073,"огать во всем. (слайд № 39 видео «Вечный огонь») (слайд № 40) Вы, как и вся страна, следили и следите за событиями связанными с положением на Украине. (слайд № 41) 17 марта 2014 г. была провозглашена Республика Крым, и в этот же день Севастопольский городской совет попросил российские власти включить город в состав Российской Федерации, как город федерального значения. (слайд № 42) А теперь давайте свершим заочное путешествие по Крымскому полуострову, познакомимся с достопримечательностями Крыма",1
ru_074,"н, Черниговская область (54679 просмотры) Маршрут из деревня Головец, Комсомольский район, Ивановская область в Речица, Гомельская область (52777 просмотры) Маршрут из село Марфовка, Ленинский район, Республика Крым в Лубны, Лубенский городской совет, Полтавская область (51474 просмотры) село Лукиевка Самые дешевые авиабилеты между деревня Саловарово, Пестяковский район, Ивановская область и село Лукиевка, Никопольский район, Днепропетровская область Промежуточные точки на маршруте из деревня Са",1
ru_075,"а заявления своего вельможного коллеги о событиях на Украине, беженцев откуда она так старается устроить здесь, на территории агрессора? 4 июня 2015, 20:02 михаило касьянов, татьяна котляр. политика, крым, россия Обнинск. Дождь",1
ru_076,"ей проголосовали за воссоединение с Россией. В этом году отмечается пятилетие возвращения полуострова. Ранее телеканал «360» писал о том, что художник из США украсит стену дома в Волоколамске в честь воссоединения Крыма с РФ. #нато #россия #крым #пушков",1
ru_077,"Крым на 16 месте по темпам внедрения новой контрольно-кассовой техники — ворот@крыма — новости, комментарии Республика Крым заняла 16 место среди регионов России по темпам замены контрольно-кассовой техники (ККТ). Об этом сегодня в ходе пресс-конференции в Симферополе рассказал руководитель регионального управления Федеральной налоговой службы Роман Наздрачев. «По показателям эффективности внедрения новой",1
ru_078,"бы нас скомпрометировать, затрачено немало. Это для нас... «Брянская улица» публиковала серию материалов об Алексее Агиевиче. Как мы писали, протоиерей, приехавший в Брянскую область за три месяца до присоединения Крыма к России, остался без гражданства и получить его не может до сих пор. На священнослужителя ополчились местные священнослужители,... 65 queries in 0,414 seconds",1
ru_079,"в спортивном фестивале «Пара-Крым – 2017». Как сообщили Крыминформу во Всероссийском обществе инвалидов, участников ожидают соревнования по параолимпийской программе и различные мастер-классы. Метки: Евпатория, Крым, Россия, Симферополь, Пара-Крым, фестиваль, людей, ограниченными, возможностями, соберет, этом, году, человек, всей В Феодосии 2 сентября начинается XXI Международный фестиваль «Воздушное братство». В течение пяти фестивальных вечеров на городской набережной будет проходить «вечернее",1
ru_080,поле . Москва. 78. Санкт- Петербург. Еврейская автономная область. Ненецкий автономный округ. Ханты- Мансийский автономный округ - Югра. Чукотский автономный округ. Ямало- Ненецкий автономный округ. Республика Крым. 92. Севастополь. Утвержденприказом ФНС Россииот 3. N ММВ- 7- 1. 1/4. ПРЕДСТАВЛЕНИЯ СВЕДЕНИЙ О ДОХОДАХ ФИЗИЧЕСКОГО ЛИЦА . Настоящий формат описывает требования к XML файлам (далее - файлам обмена) передачи в электронной форме сведений о доходах физического лица (по форме 2- НДФЛ) в н,1
ru_081,"аловались на прихожанВо второй половине 19 века после отмены крепостного права и начала либеральных реформ мусульманское население Москвы...26 октября 2016Крымские татары в наполеоновских войнахПосле присоединения Крыма к России в 1783 году императрица Екатерина II своим именным указом разрешила принимать на...6 августа 2016Собиралась ли Турция напасть на СССР?В последнее время часто стали слышны рассуждения о том, что, дескать, Турция все время проводила враждебную политику по...27 июля 2016Как",1
ru_082,"гого государства. В прошлом году выступление ансамбля в рамках европейского турне в Таллинне также не состоялось. Эстония остановила военное сотрудничество с Россией в марте 2014 года, после того как Крым стал частью России.",1
ru_083,"Продажа трехкомнатной квартиры 49 м2 за 5200000 на ул. ул. Рыбацкий Причал Республика Крым, Городской округ Феодосия, Феодосия - 183544375 Купить 3-комнатную квартиру за 5 200 000 рублей на ул. Рыбацкий Причал 19с 26.12.2018, обновлен 18.06.2019 Республика Крым, Городской округ Феодосия, Феодосия, ул. Рыбацкий Причал Продаются апартаменты для комфортного отдыха и жилья в к",1
ru_084,Консультирование - Доска бесплатных объявлений Республика Крым Предложение услуг (15) ГлавнаяКонсультирование Всего записей: 0 Показано страниц: 1 из 1 Данных на страницу: 15 Powered by AWEBCOM. © 2008-2020Страница загружена за: 0.009 секунд(ы). Запросов к базе: 9. Памяти используется: 0.61 Mb,1
ru_085,"неральные Воды (Ставропольский край), Оханск (Пермский край), Алексин (Тульская область), Алексеевка (Белгородская область), Бабушкин (Республика Бурятия), Дюртюли (Республика Башкортостан), Джанкой (Республика Крым), Будённовск (Ставропольский край), Лосино-Петровский (Московская область), Москва Арск (Республика Татарстан), Сельцо (Брянская область), Сатка (Челябинская область), Киров Тосно (Ленинградская область), Саратов Духовщина (Смоленская область), Пучеж (Ивановская область), Белорецк (Р",1
ru_086,"опольцам покажут новый фильм о Русской весне | Новости Севастополя «Слуга народа» Новости Севастополя и России » Свежие новости Севастополя » Севастопольцам покажут новый фильм о Русской весне В День воссоединения Крыма с Россией 18 марта, в 13:00 в музейном комплексе «35-я береговая батарея» состоится премьерный показ документального фильма Елены Иваниченко «Крым: хроника русской весны». Лента рассказывает о событиях в Крыму и Севастополе в феврале и марте 2014 года и о людях, оказавшихся в сам",1
ru_087,"уре (Хабаровский край), Корсаков (Сахалинская область), Воронеж Петров Вал (Волгоградская область), Печора (Республика Коми), Гатчина (Ленинградская область), Раменское (Московская область), Армянск (Республика Крым), Алапаевск (Свердловская область), Мегион (Ханты-Мансийский автономный округ - Югра), Шацк (Рязанская область), Калининск (Саратовская область), Борисоглебск (Воронежская область), Правдинск (Калининградская область), Александровск (Пермский край), Магнитогорск (Челябинская область)",1
ru_088,"наши украинские военные моряки. Мы гордимся вами. Мы благодарим вас», – украинский президент. Напомним, что ВМС Украины не провели ни одного морского сражения во время Русской весны, без боя допустив воссоединение Крыма с Россией. Во время провокации в Керченском проливе экипажи катеров ВМСУ сдались в плен без боя, а после выхода на свободу по обмену были объявлены героями, осыпаны почестями и награждены квартирами.",1
ru_089,"егда считали вспыльчивым, дорогостоящим, но в целом очень преданным союзником», — уверено издание. Однако же во время кризиса на Украине Минск решил не оказывать поддержку Москве: он не приветствовал присоединение Крыма, не поставил под сомнение правомерность революции на Майдане, не присоединился к российским санкциям против Запада, а также не разорвал торговые отношения с Украиной. А совсем недавно он «унизил» российскую сторону, решив перейти на расчеты в долларах и евро в торговле с Россией.",1
ru_090,"чившейся распадом страны. С этим трудно спорить, учитывая наши сомнительные достижения в экономике и прежде всего в культурной политике. С самых высоких трибун говорят, что мы уже встали с колен, а с присоединением Крыма и войной с сирийскими экстремистами делаем первые самостоятельные шаги. Прежняя американская администрация не сумела помешать, но у нее могло открыться второе дыхание в случае победы Клинтон, может быть, именно поэтому все наши СМИ включились в информационную маяту по поводу про",1
ru_091,"чае «мгновенного глобального удара». Они обеспокоены возможным применением Россией ядерного оружия в ответ. Об этом пишут «РИА Новости». США полагают, что они могут нанести неядерный удар по возможн… Республика Крым и Севастополь стали российскими регионами после референдума 2014 года, на котором подавляющее большинство населения полуострова высказалось в пользу возвращения в состав России. Однако, в Киеве результаты референдума не признают и продолжают считать Крым своей территорией, … Верховна",1
ru_092,"и с боевыми патронами. Это делают пограничники и спорить на тему прав они не склонны. Кроме того, оружие и выучка у них несравненно лучше укрошумеров. 12:53 26.11.2018 | 6 nata9298, 2003 год. А после присоединения Крыма Керченский пролив стал ВНУТРЕННИМИ ВОДАМИ России. И Россия устанавливает правила прохода. Правом мирного прохода обладают торговые суда, а военные - только с разрешения. 10:37 26.11.2018 | 7 ""Это первый случай захвата Россией судов украинских ВМС"" - нарушение границы, этого и доб",1
ru_093,"ana, 30Вологда, Россия Александр, 34Уфа, Россия Елена, 37Челябинск, Россия Игорь, 41Несебр, Болгария Андрей, 36Новосибирск, Россия Елена, 30Ханты-Мансийск, Россия Дмитрий, 38Сызрань, Россия руслан, 46Симферополь, Россия Ina, 44Калининград, Россия Ассоль, 53Краснодар, Россия Станислав, 39Обнинск, Россия Дмитрий, 38Сызрань, Россия Рина, 41Ставрополь, Россия сергей, 39Бор, Россия Елена, 50Вязьма, Россия Зара, 48Малоярославец, Россия Елена, 49Воронеж, Россия Сергей, 43Рязань, Россия Яна, 46Нижний Но",1
ru_094,"II Первый сын: Павел I Петрович Дочь: Анна Петровна Второй сын (внебрачный): Алексей Григорьевич Бобринский Ключевые деяния за время правления: «Наказ» Уложенной комиссии Расширение привилегий дворян Присоединение Крымского Ханства Развитие образования здравоохранения и науки Автограф (подпись): Биография императрицы Екатерины II Великой - ключевые события, люди, интриги При ближайшем рассмотрении, биография Екатерины II Великой изобилует большим количеством событий, существенно повлиявших на им",1
ru_095,9) Регион Вся Украина Винницкая Волынская Днепропетровская Донецкая Житомирская Закарпатская Запорожская Ивано-Франковская Киевская Кировоградская Луганская Львовская Николаевская Одесская Полтавская Республика Крым Ровенская Сумская Тернопольская Харьковская Херсонская Хмельницкая Черкасская Черниговская Черновицкая Вся область только в этом городе Цена грн Только со скидками Фото / Видео Только с фото Только с видео ID объявления Сортировка обычнаяот дешевых к дорогимот дорогих к дешевым Перио,1
ru_096,райПриморский крайПсковская областьРеспублика АдыгеяРеспублика АлтайРеспублика БашкортостанРеспублика БурятияРеспублика ДагестанРеспублика ИнгушетияРеспублика КалмыкияРеспублика КарелияРеспублика КомиРеспублика КрымРеспублика Марий ЭлРеспублика МордовияРеспублика Саха (Якутия)Республика Северная Осетия-АланияРеспублика ТатарстанРеспублика ТываРеспублика ХакасияРостовская областьРязанская областьСамарская областьСаратовская областьСахалинская областьСвердловская областьСмоленская областьСтавропол,1
ru_097,"орядок. Он также призвал прекратить конфликт НАТО и России. Вместе с тем, политик напомнил слова лидера Свободной демократической партии (СвДП) Германии Кристиана Линднера, который заявлял о том, что присоединение Крыма к России является «временной мерой». Линднер в интервью газете WAS также призывал (https://www.waz.de/politik/lindner-fordert-verschaerfung-der-zuwanderungspolitik-id211476149.html) вернуть отношения с Россией на прежний уровень. «Я морально поддерживаю нашего восточно-европейско",1
ru_098,"Туры в Крым из Москвы 2019 — цены на туры все включено Крым — поиск тура от всех туроператоров 2020 Пхукет, Таиланд от 69 660 руб. Смотреть все горящие туры в Крым, Россия Туры в Крым — цены в 2020 году Март — от 25 772 руб. на всех Крым - жемчужина черноморского туризма, здравница и богатый винодельный регион 1 323 263 просмотра 77 839 путешественников улетело в Крым благодаря Onlinetours.ru Туры в Крым в январе 2020 Хочу горящие туры в Крым!",1
ru_099,"еделы русской земли потребность в защищенности с запада. Осознавая это обстоятельство, Джордж Фридман написал в своей статье ""Россия рассматривает свои варианты ответа Украине"", опубликованной в день воссоединения Крыма с Россией: ""Россия исторически охраняется сама собой своей глубиной. Она расширила свои границы так далеко на запад, как это было возможно, чтобы эта глубина удерживала авантюристов или, как это было в случае с Гитлером и Наполеоном, уничтожала их. Потеря Украины в качестве буфер",1
ru_100,"нинградская область, Томская область, Ульяновская область, Республика Карелия, Республика Бурятия, Иркутская область, Ростовская область, Самарская область, Ярославская область, Белгородская область, Республика Крым, Кемеровская область, Удмуртская Республика, Новгородской область, Нижегородская область, Хабаровский край, Челябинская область, Рязанская область, Алтайский край, Омская область, Ханты-Мансийский автономный округ – Югра. Российские делегаты направлены на Конгресс от региональных и г",1
